{
  "timestamp": "2026-06-07T13:36:42",
  "seed": 0,
  "hyperparams": {
    "n_data": 10000,
    "hidden": [
      64,
      64
    ],
    "epochs": 2000,
    "lr": 0.002,
    "val_frac": 0.2
  },
  "calibration": {
    "theta_star": [
      0.1750539747985394,
      0.4,
      0.01611993852187222,
      0.3
    ],
    "x0": [
      0.175,
      0.4,
      0.015000000000000001,
      0.3
    ],
    "bounds_lo": [
      0.1,
      0.3,
      0.005,
      0.1
    ],
    "bounds_hi": [
      0.25,
      0.5,
      0.025,
      0.5
    ],
    "cost": 1.062899245993559e-06,
    "nfev": 14,
    "success": true,
    "message": "`xtol` termination condition is satisfied."
  },
  "market_inputs": {
    "instruments": [
      [
        1.0,
        0.03,
        0.035
      ],
      [
        2.0,
        0.04,
        0.04
      ],
      [
        5.0,
        0.045,
        0.04
      ],
      [
        5.0,
        0.035,
        0.04
      ]
    ],
    "ivs": [
      0.3591294932313001,
      0.36571067811865476,
      0.4088190452006711,
      0.4179415937802229
    ]
  },
  "training_summary": {
    "final_train_loss": 2.6549375888862414e-06,
    "final_val_loss": 2.8464892238844186e-06,
    "best_val_loss": 2.8464892238844186e-06
  }
}