T,K,F,market,NN(θ*),MC(θ*),calib_bp,surrogate_bp
1.0,0.03,0.035,0.3591294932313001,0.35888535,0.3597831606392004,-6.536674079002935,-8.978127960302395
2.0,0.04,0.04,0.36571067811865476,0.36451966,0.3663643455265552,-6.536674079004601,-18.44689822056933
5.0,0.045,0.04,0.4088190452006711,0.4092544,0.4094727126084562,-6.536674077851079,-2.1831068623023864
5.0,0.035,0.04,0.4179415937802229,0.41861844,0.4185952611878265,-6.536674076035864,0.23179440225284953
